"pipeline_id","filepaths"
"f635934a","federal_marine_bioregions-f635934a.geojson"
"750b39f9","maritimes_grid-750b39f9.geojson"
"f2109e69","fisheries_logbooks-f2109e69.csv"
"f2109e69","fisheries_logbooks-f2109e69_gear.csv"
"f2109e69","fisheries_logbooks-f2109e69_species.csv"
"35608fef","cancoast-35608fef_sea_level.geojson"
"35608fef","cancoast-35608fef_material.geojson"
"06230ea3","marine_seismic-06230ea3.geojson"
"804db12e","contaminated_sites-804db12e.geojson"
"4b72884d","marine_disposal_sites-4b72884d.geojson"
"68609420","atlantic_shoreline-68609420.geojson"
"084860fd","carms_checklist-084860fd.csv"
"8509eeb1","night_lights-8509eeb1-2012.tif"
"8509eeb1","night_lights-8509eeb1-2013.tif"
"8509eeb1","night_lights-8509eeb1-2014.tif"
"8509eeb1","night_lights-8509eeb1-2015.tif"
"8509eeb1","night_lights-8509eeb1-2016.tif"
"8509eeb1","night_lights-8509eeb1-2017.tif"
"8509eeb1","night_lights-8509eeb1-2018.tif"
"8509eeb1","night_lights-8509eeb1-2019.tif"
"8509eeb1","night_lights-8509eeb1-2020.tif"
"8509eeb1","night_lights-8509eeb1-2021.tif"
"8449dee0","shipping_gfw-8449dee0-interpolated.csv"
"8449dee0","shipping_gfw-8449dee0-noninterpolated.csv"
"c676dc2b","census_boundary_2016-c676dc2b.geojson"
"b9024b04","census_boundary_2021-b9024b04.geojson"
"d147406d","census_population_2016-d147406d.csv"
"d96dec16","census_population_2021-d96dec16.csv"
"d87b7f5f","sea_surface_temperature-d87b7f5f.csv"
"1b4dba19","sea_surface_temperature_climatology-1b4dba19.csv"
"4f84f0e3","halpern_cea-4f84f0e3-2008-artisanal_fishing.tif"
"4f84f0e3","halpern_cea-4f84f0e3-2008-demersal_destructive_fishing.tif"
"4f84f0e3","halpern_cea-4f84f0e3-2008-demersal_nondest_high_bycatch.tif"
"4f84f0e3","halpern_cea-4f84f0e3-2008-demersal_nondest_low_bycatch.tif"
"4f84f0e3","halpern_cea-4f84f0e3-2008-inorganic.tif"
"4f84f0e3","halpern_cea-4f84f0e3-2008-invasives.tif"
"4f84f0e3","halpern_cea-4f84f0e3-2008-night_lights.tif"
"4f84f0e3","halpern_cea-4f84f0e3-2008-ocean_acidification.tif"
"4f84f0e3","halpern_cea-4f84f0e3-2008-ocean_pollution.tif"
"4f84f0e3","halpern_cea-4f84f0e3-2008-oil_rigs.tif"
"4f84f0e3","halpern_cea-4f84f0e3-2008-pelagic_high_bycatch.tif"
"4f84f0e3","halpern_cea-4f84f0e3-2008-pelagic_low_bycatch.tif"
"4f84f0e3","halpern_cea-4f84f0e3-2008-plumes_fert.tif"
"4f84f0e3","halpern_cea-4f84f0e3-2008-plumes_pest.tif"
"4f84f0e3","halpern_cea-4f84f0e3-2008-population.tif"
"4f84f0e3","halpern_cea-4f84f0e3-2008-shipping.tif"
"4f84f0e3","halpern_cea-4f84f0e3-2008-sst.tif"
"4f84f0e3","halpern_cea-4f84f0e3-2008-uv.tif"
"4f84f0e3","halpern_cea-4f84f0e3-2013-artisanal_fishing.tif"
"4f84f0e3","halpern_cea-4f84f0e3-2013-demersal_destructive_fishing.tif"
"4f84f0e3","halpern_cea-4f84f0e3-2013-demersal_nondest_high_bycatch.tif"
"4f84f0e3","halpern_cea-4f84f0e3-2013-demersal_nondest_low_bycatch.tif"
"4f84f0e3","halpern_cea-4f84f0e3-2013-inorganic.tif"
"4f84f0e3","halpern_cea-4f84f0e3-2013-invasives.tif"
"4f84f0e3","halpern_cea-4f84f0e3-2013-night_lights.tif"
"4f84f0e3","halpern_cea-4f84f0e3-2013-ocean_acidification.tif"
"4f84f0e3","halpern_cea-4f84f0e3-2013-ocean_pollution.tif"
"4f84f0e3","halpern_cea-4f84f0e3-2013-oil_rigs.tif"
"4f84f0e3","halpern_cea-4f84f0e3-2013-pelagic_high_bycatch.tif"
"4f84f0e3","halpern_cea-4f84f0e3-2013-pelagic_low_bycatch.tif"
"4f84f0e3","halpern_cea-4f84f0e3-2013-plumes_fert.tif"
"4f84f0e3","halpern_cea-4f84f0e3-2013-plumes_pest.tif"
"4f84f0e3","halpern_cea-4f84f0e3-2013-population.tif"
"4f84f0e3","halpern_cea-4f84f0e3-2013-shipping.tif"
"4f84f0e3","halpern_cea-4f84f0e3-2013-slr.tif"
"4f84f0e3","halpern_cea-4f84f0e3-2013-sst.tif"
"4f84f0e3","halpern_cea-4f84f0e3-2013-uv.tif"
"3d1bfb8e","marine_mammals_wwf_romm-3d1bfb8e-beluga.tif"
"3d1bfb8e","marine_mammals_wwf_romm-3d1bfb8e-blue_whale.tif"
"3d1bfb8e","marine_mammals_wwf_romm-3d1bfb8e-fin_whale.tif"
"3d1bfb8e","marine_mammals_wwf_romm-3d1bfb8e-humpback_whale.tif"
"3d1bfb8e","marine_mammals_wwf_romm-3d1bfb8e-leatherback_turtle.tif"
"3d1bfb8e","marine_mammals_wwf_romm-3d1bfb8e-minke_whale.tif"
"3d1bfb8e","marine_mammals_wwf_romm-3d1bfb8e-north_atlantic_right_whale.tif"
"3d1bfb8e","marine_mammals_wwf_romm-3d1bfb8e-northern_bottlenose_whale.tif"
"3d1bfb8e","marine_mammals_wwf_romm-3d1bfb8e-sei_whale.tif"
"3d1bfb8e","marine_mammals_wwf_romm-3d1bfb8e-sperm_whale.tif"
"71944efd","temperature_climatology_bnam-71944efd-Apr_0m.tif"
"71944efd","temperature_climatology_bnam-71944efd-Apr_Bottom.tif"
"71944efd","temperature_climatology_bnam-71944efd-Aug_0m.tif"
"71944efd","temperature_climatology_bnam-71944efd-Aug_Bottom.tif"
"71944efd","temperature_climatology_bnam-71944efd-Dec_0m.tif"
"71944efd","temperature_climatology_bnam-71944efd-Dec_Bottom.tif"
"71944efd","temperature_climatology_bnam-71944efd-Feb_0m.tif"
"71944efd","temperature_climatology_bnam-71944efd-Feb_Bottom.tif"
"71944efd","temperature_climatology_bnam-71944efd-Jan_0m.tif"
"71944efd","temperature_climatology_bnam-71944efd-Jan_Bottom.tif"
"71944efd","temperature_climatology_bnam-71944efd-Jul_0m.tif"
"71944efd","temperature_climatology_bnam-71944efd-Jul_Bottom.tif"
"71944efd","temperature_climatology_bnam-71944efd-Jun_0m.tif"
"71944efd","temperature_climatology_bnam-71944efd-Jun_Bottom.tif"
"71944efd","temperature_climatology_bnam-71944efd-Mar_0m.tif"
"71944efd","temperature_climatology_bnam-71944efd-Mar_Bottom.tif"
"71944efd","temperature_climatology_bnam-71944efd-May_0m.tif"
"71944efd","temperature_climatology_bnam-71944efd-May_Bottom.tif"
"71944efd","temperature_climatology_bnam-71944efd-Nov_0m.tif"
"71944efd","temperature_climatology_bnam-71944efd-Nov_Bottom.tif"
"71944efd","temperature_climatology_bnam-71944efd-Oct_0m.tif"
"71944efd","temperature_climatology_bnam-71944efd-Oct_Bottom.tif"
"71944efd","temperature_climatology_bnam-71944efd-Sep_0m.tif"
"71944efd","temperature_climatology_bnam-71944efd-Sep_Bottom.tif"
"0d61380a","salinity_climatology_bnam-0d61380a-Apr_0m.tif"
"0d61380a","salinity_climatology_bnam-0d61380a-Apr_Bottom.tif"
"0d61380a","salinity_climatology_bnam-0d61380a-Aug_0m.tif"
"0d61380a","salinity_climatology_bnam-0d61380a-Aug_Bottom.tif"
"0d61380a","salinity_climatology_bnam-0d61380a-Dec_0m.tif"
"0d61380a","salinity_climatology_bnam-0d61380a-Dec_Bottom.tif"
"0d61380a","salinity_climatology_bnam-0d61380a-Feb_0m.tif"
"0d61380a","salinity_climatology_bnam-0d61380a-Feb_Bottom.tif"
"0d61380a","salinity_climatology_bnam-0d61380a-Jan_0m.tif"
"0d61380a","salinity_climatology_bnam-0d61380a-Jan_Bottom.tif"
"0d61380a","salinity_climatology_bnam-0d61380a-Jul_0m.tif"
"0d61380a","salinity_climatology_bnam-0d61380a-Jul_Bottom.tif"
"0d61380a","salinity_climatology_bnam-0d61380a-Jun_0m.tif"
"0d61380a","salinity_climatology_bnam-0d61380a-Jun_Bottom.tif"
"0d61380a","salinity_climatology_bnam-0d61380a-Mar_0m.tif"
"0d61380a","salinity_climatology_bnam-0d61380a-Mar_Bottom.tif"
"0d61380a","salinity_climatology_bnam-0d61380a-May_0m.tif"
"0d61380a","salinity_climatology_bnam-0d61380a-May_Bottom.tif"
"0d61380a","salinity_climatology_bnam-0d61380a-Nov_0m.tif"
"0d61380a","salinity_climatology_bnam-0d61380a-Nov_Bottom.tif"
"0d61380a","salinity_climatology_bnam-0d61380a-Oct_0m.tif"
"0d61380a","salinity_climatology_bnam-0d61380a-Oct_Bottom.tif"
"0d61380a","salinity_climatology_bnam-0d61380a-Sep_0m.tif"
"0d61380a","salinity_climatology_bnam-0d61380a-Sep_Bottom.tif"
"906f1155","currents_climatology_bnam-906f1155-Apr_0m.csv"
"906f1155","currents_climatology_bnam-906f1155-Apr_Bottom.csv"
"906f1155","currents_climatology_bnam-906f1155-Aug_0m.csv"
"906f1155","currents_climatology_bnam-906f1155-Aug_Bottom.csv"
"906f1155","currents_climatology_bnam-906f1155-Dec_0m.csv"
"906f1155","currents_climatology_bnam-906f1155-Dec_Bottom.csv"
"906f1155","currents_climatology_bnam-906f1155-Feb_0m.csv"
"906f1155","currents_climatology_bnam-906f1155-Feb_Bottom.csv"
"906f1155","currents_climatology_bnam-906f1155-Jan_0m.csv"
"906f1155","currents_climatology_bnam-906f1155-Jan_Bottom.csv"
"906f1155","currents_climatology_bnam-906f1155-Jul_0m.csv"
"906f1155","currents_climatology_bnam-906f1155-Jul_Bottom.csv"
"906f1155","currents_climatology_bnam-906f1155-Jun_0m.csv"
"906f1155","currents_climatology_bnam-906f1155-Jun_Bottom.csv"
"906f1155","currents_climatology_bnam-906f1155-Mar_0m.csv"
"906f1155","currents_climatology_bnam-906f1155-Mar_Bottom.csv"
"906f1155","currents_climatology_bnam-906f1155-May_0m.csv"
"906f1155","currents_climatology_bnam-906f1155-May_Bottom.csv"
"906f1155","currents_climatology_bnam-906f1155-Nov_0m.csv"
"906f1155","currents_climatology_bnam-906f1155-Nov_Bottom.csv"
"906f1155","currents_climatology_bnam-906f1155-Oct_0m.csv"
"906f1155","currents_climatology_bnam-906f1155-Oct_Bottom.csv"
"906f1155","currents_climatology_bnam-906f1155-Sep_0m.csv"
"906f1155","currents_climatology_bnam-906f1155-Sep_Bottom.csv"
"e775900b","bathymetry_gebco_2021-e775900b-n0_s-90_w-180_e-90.tif"
"e775900b","bathymetry_gebco_2021-e775900b-n0_s-90_w-90_e0.tif"
"e775900b","bathymetry_gebco_2021-e775900b-n0_s-90_w0_e90.tif"
"e775900b","bathymetry_gebco_2021-e775900b-n0_s-90_w90_e180.tif"
"e775900b","bathymetry_gebco_2021-e775900b-n90_s0_w-180_e-90.tif"
"e775900b","bathymetry_gebco_2021-e775900b-n90_s0_w-90_e0.tif"
"e775900b","bathymetry_gebco_2021-e775900b-n90_s0_w0_e90.tif"
"e775900b","bathymetry_gebco_2021-e775900b-n90_s0_w90_e180.tif"
"7c8c4da1","invasive_species_sdm-7c8c4da1-Ascidiella_aspersa_ClimatologicalModel-Atlantic.tif"
"7c8c4da1","invasive_species_sdm-7c8c4da1-Ascidiella_aspersa_ClimatologicalStdDev-Atlantic.tif"
"7c8c4da1","invasive_species_sdm-7c8c4da1-Ascidiella_aspersa_ProjectedModel_2075-Atlantic.tif"
"7c8c4da1","invasive_species_sdm-7c8c4da1-Ascidiella_aspersa_ProjectedStdDev-Atlantic.tif"
"7c8c4da1","invasive_species_sdm-7c8c4da1-Botrylloides_violaceus_ClimatologicalModel-Atlantic.tif"
"7c8c4da1","invasive_species_sdm-7c8c4da1-Botrylloides_violaceus_ClimatologicalStdDev-Atlantic.tif"
"7c8c4da1","invasive_species_sdm-7c8c4da1-Botrylloides_violaceus_ProjectedModel_2075-Atlantic.tif"
"7c8c4da1","invasive_species_sdm-7c8c4da1-Botrylloides_violaceus_ProjectedStdDev-Atlantic.tif"
"7c8c4da1","invasive_species_sdm-7c8c4da1-Botryllus_schlosseri_ClimatologicalModel-Atlantic.tif"
"7c8c4da1","invasive_species_sdm-7c8c4da1-Botryllus_schlosseri_ClimatologicalStdDev-Atlantic.tif"
"7c8c4da1","invasive_species_sdm-7c8c4da1-Botryllus_schlosseri_ProjectedModel_2075-Atlantic.tif"
"7c8c4da1","invasive_species_sdm-7c8c4da1-Botryllus_schlosseri_ProjectedStdDev-Atlantic.tif"
"7c8c4da1","invasive_species_sdm-7c8c4da1-Caprella_mutica_ClimatologicalModel-Atlantic.tif"
"7c8c4da1","invasive_species_sdm-7c8c4da1-Caprella_mutica_ClimatologicalStdDev-Atlantic.tif"
"7c8c4da1","invasive_species_sdm-7c8c4da1-Caprella_mutica_ProjectedModel_2075-Atlantic.tif"
"7c8c4da1","invasive_species_sdm-7c8c4da1-Caprella_mutica_ProjectedStdDev-Atlantic.tif"
"7c8c4da1","invasive_species_sdm-7c8c4da1-Carcinus_maenas_ClimatologicalModel-Atlantic.tif"
"7c8c4da1","invasive_species_sdm-7c8c4da1-Carcinus_maenas_ClimatologicalStdDev-Atlantic.tif"
"7c8c4da1","invasive_species_sdm-7c8c4da1-Carcinus_maenas_ProjectedModel_2075-Atlantic.tif"
"7c8c4da1","invasive_species_sdm-7c8c4da1-Carcinus_maenas_ProjectedStdDev-Atlantic.tif"
"7c8c4da1","invasive_species_sdm-7c8c4da1-Ciona_intestinalis_ClimatologicalModel-Atlantic.tif"
"7c8c4da1","invasive_species_sdm-7c8c4da1-Ciona_intestinalis_ClimatologicalStdDev-Atlantic.tif"
"7c8c4da1","invasive_species_sdm-7c8c4da1-Ciona_intestinalis_ProjectedModel_2075-Atlantic.tif"
"7c8c4da1","invasive_species_sdm-7c8c4da1-Ciona_intestinalis_ProjectedStdDev-Atlantic.tif"
"7c8c4da1","invasive_species_sdm-7c8c4da1-Codium_fragile_ClimatologicalModel-Atlantic.tif"
"7c8c4da1","invasive_species_sdm-7c8c4da1-Codium_fragile_ClimatologicalStdDev-Atlantic.tif"
"7c8c4da1","invasive_species_sdm-7c8c4da1-Codium_fragile_ProjectedModel_2075-Atlantic.tif"
"7c8c4da1","invasive_species_sdm-7c8c4da1-Codium_fragile_ProjectedStdDev-Atlantic.tif"
"7c8c4da1","invasive_species_sdm-7c8c4da1-Didemnum_vexillum_ClimatologicalModel-Atlantic.tif"
"7c8c4da1","invasive_species_sdm-7c8c4da1-Didemnum_vexillum_ClimatologicalStdDev-Atlantic.tif"
"7c8c4da1","invasive_species_sdm-7c8c4da1-Didemnum_vexillum_ProjectedModel_2075-Atlantic.tif"
"7c8c4da1","invasive_species_sdm-7c8c4da1-Didemnum_vexillum_ProjectedStdDev-Atlantic.tif"
"7c8c4da1","invasive_species_sdm-7c8c4da1-Diplosoma_listerianum_ClimatologicalModel-Atlantic.tif"
"7c8c4da1","invasive_species_sdm-7c8c4da1-Diplosoma_listerianum_ClimatologicalStdDev-Atlantic.tif"
"7c8c4da1","invasive_species_sdm-7c8c4da1-Diplosoma_listerianum_ProjectedModel_2075-Atlantic.tif"
"7c8c4da1","invasive_species_sdm-7c8c4da1-Diplosoma_listerianum_ProjectedStdDev-Atlantic.tif"
"7c8c4da1","invasive_species_sdm-7c8c4da1-Hemigrapsus_sanguineus_ClimatologicalModel-Atlantic.tif"
"7c8c4da1","invasive_species_sdm-7c8c4da1-Hemigrapsus_sanguineus_ClimatologicalStdDev-Atlantic.tif"
"7c8c4da1","invasive_species_sdm-7c8c4da1-Hemigrapsus_sanguineus_ProjectedModel_2075-Atlantic.tif"
"7c8c4da1","invasive_species_sdm-7c8c4da1-Hemigrapsus_sanguineus_ProjectedStdDev-Atlantic.tif"
"7c8c4da1","invasive_species_sdm-7c8c4da1-Membranipora_membranacea_ClimatologicalModel-Atlantic.tif"
"7c8c4da1","invasive_species_sdm-7c8c4da1-Membranipora_membranacea_ClimatologicalStdDev-Atlantic.tif"
"7c8c4da1","invasive_species_sdm-7c8c4da1-Membranipora_membranacea_ProjectedModel_2075-Atlantic.tif"
"7c8c4da1","invasive_species_sdm-7c8c4da1-Membranipora_membranacea_ProjectedStdDev-Atlantic.tif"
"7c8c4da1","invasive_species_sdm-7c8c4da1-Present_Richness-Atlantic.tif"
"7c8c4da1","invasive_species_sdm-7c8c4da1-Projected_Richness-Atlantic.tif"
"7c8c4da1","invasive_species_sdm-7c8c4da1-Richness_Present_StdDev-Atlantic.tif"
"7c8c4da1","invasive_species_sdm-7c8c4da1-Richness_Projection_StdDev-Atlantic.tif"
"7c8c4da1","invasive_species_sdm-7c8c4da1-Styela_clava_ClimatologicalModel-Atlantic.tif"
"7c8c4da1","invasive_species_sdm-7c8c4da1-Styela_clava_ClimatologicalStdDev-Atlantic.tif"
"7c8c4da1","invasive_species_sdm-7c8c4da1-Styela_clava_ProjectedModel_2075-Atlantic.tif"
"7c8c4da1","invasive_species_sdm-7c8c4da1-Styela_clava_ProjectedStdDev-Atlantic.tif"
"7c8c4da1","invasive_species_sdm-7c8c4da1-Botrylloides_violaceus_ClimatologicalModel-Pacific.tif"
"7c8c4da1","invasive_species_sdm-7c8c4da1-Botrylloides_violaceus_ClimatologicalStdDev-Pacific.tif"
"7c8c4da1","invasive_species_sdm-7c8c4da1-Botrylloides_violaceus_ProjectedModel_2075-Pacific.tif"
"7c8c4da1","invasive_species_sdm-7c8c4da1-Botrylloides_violaceus_ProjectedStdDev-Pacific.tif"
"7c8c4da1","invasive_species_sdm-7c8c4da1-Botryllus_schlosseri_ClimatologicalModel-Pacific.tif"
"7c8c4da1","invasive_species_sdm-7c8c4da1-Botryllus_schlosseri_ClimatologicalStdDev-Pacific.tif"
"7c8c4da1","invasive_species_sdm-7c8c4da1-Botryllus_schlosseri_ProjectedModel_2075-Pacific.tif"
"7c8c4da1","invasive_species_sdm-7c8c4da1-Botryllus_schlosseri_ProjectedStdDev-Pacific.tif"
"7c8c4da1","invasive_species_sdm-7c8c4da1-Caprella_mutica_ClimatologicalModel-Pacific.tif"
"7c8c4da1","invasive_species_sdm-7c8c4da1-Caprella_mutica_ClimatologicalStdDev-Pacific.tif"
"7c8c4da1","invasive_species_sdm-7c8c4da1-Caprella_mutica_ProjectedModel_2075-Pacific.tif"
"7c8c4da1","invasive_species_sdm-7c8c4da1-Caprella_mutica_ProjectedStdDev-Pacific.tif"
"7c8c4da1","invasive_species_sdm-7c8c4da1-Carcinus_maenas_ClimatologicalModel-Pacific.tif"
"7c8c4da1","invasive_species_sdm-7c8c4da1-Carcinus_maenas_ClimatologicalStdDev-Pacific.tif"
"7c8c4da1","invasive_species_sdm-7c8c4da1-Carcinus_maenas_ProjectedModel_2075-Pacific.tif"
"7c8c4da1","invasive_species_sdm-7c8c4da1-Carcinus_maenas_ProjectedStdDev-Pacific.tif"
"7c8c4da1","invasive_species_sdm-7c8c4da1-Crassostrea_gigas_ClimatologicalModel-Pacific.tif"
"7c8c4da1","invasive_species_sdm-7c8c4da1-Crassostrea_gigas_ClimatologicalStdDev-Pacific.tif"
"7c8c4da1","invasive_species_sdm-7c8c4da1-Crassostrea_gigas_ProjectedModel_2075-Pacific.tif"
"7c8c4da1","invasive_species_sdm-7c8c4da1-Crassostrea_gigas_ProjectedStdDev-Pacific.tif"
"7c8c4da1","invasive_species_sdm-7c8c4da1-Didemnum_vexillum_ClimatologicalModel-Pacific.tif"
"7c8c4da1","invasive_species_sdm-7c8c4da1-Didemnum_vexillum_ClimatologicalStdDev-Pacific.tif"
"7c8c4da1","invasive_species_sdm-7c8c4da1-Didemnum_vexillum_ProjectedModel_2075-Pacific.tif"
"7c8c4da1","invasive_species_sdm-7c8c4da1-Didemnum_vexillum_ProjectedStdDev-Pacific.tif"
"7c8c4da1","invasive_species_sdm-7c8c4da1-Mya_arenaria_ClimatologicalModel-Pacific.tif"
"7c8c4da1","invasive_species_sdm-7c8c4da1-Mya_arenaria_ClimatologicalStdDev-Pacific.tif"
"7c8c4da1","invasive_species_sdm-7c8c4da1-Mya_arenaria_ProjectedModel_2075-Pacific.tif"
"7c8c4da1","invasive_species_sdm-7c8c4da1-Mya_arenaria_ProjectedStdDev-Pacific.tif"
"7c8c4da1","invasive_species_sdm-7c8c4da1-Nuttallia_obscurata_ClimatologicalModel-Pacific.tif"
"7c8c4da1","invasive_species_sdm-7c8c4da1-Nuttallia_obscurata_ClimatologicalStdDev-Pacific.tif"
"7c8c4da1","invasive_species_sdm-7c8c4da1-Nuttallia_obscurata_ProjectedModel_2075-Pacific.tif"
"7c8c4da1","invasive_species_sdm-7c8c4da1-Nuttallia_obscurata_ProjectedStdDev-Pacific.tif"
"7c8c4da1","invasive_species_sdm-7c8c4da1-Ocinebrellus_inornatus_ClimatologicalModel-Pacific.tif"
"7c8c4da1","invasive_species_sdm-7c8c4da1-Ocinebrellus_inornatus_ClimatologicalStdDev-Pacific.tif"
"7c8c4da1","invasive_species_sdm-7c8c4da1-Ocinebrellus_inornatus_ProjectedModel_2075-Pacific.tif"
"7c8c4da1","invasive_species_sdm-7c8c4da1-Ocinebrellus_inornatus_ProjectedStdDev-Pacific.tif"
"7c8c4da1","invasive_species_sdm-7c8c4da1-PresentRichness-Pacific.tif"
"7c8c4da1","invasive_species_sdm-7c8c4da1-ProjectedRichness-Pacific.tif"
"7c8c4da1","invasive_species_sdm-7c8c4da1-Richness_Present_stddev-Pacific.tif"
"7c8c4da1","invasive_species_sdm-7c8c4da1-Richness_Projected_stddev-Pacific.tif"
"7c8c4da1","invasive_species_sdm-7c8c4da1-Ruditapes_philippinarum_ClimatologicalModel-Pacific.tif"
"7c8c4da1","invasive_species_sdm-7c8c4da1-Ruditapes_philippinarum_ClimatologicalStdDev-Pacific.tif"
"7c8c4da1","invasive_species_sdm-7c8c4da1-Ruditapes_philippinarum_ProjectedModel_2075-Pacific.tif"
"7c8c4da1","invasive_species_sdm-7c8c4da1-Ruditapes_philippinarum_ProjectedStdDev-Pacific.tif"
"7c8c4da1","invasive_species_sdm-7c8c4da1-Sargassum_muticum_ClimatologicalModel-Pacific.tif"
"7c8c4da1","invasive_species_sdm-7c8c4da1-Sargassum_muticum_ClimatologicalStdDev-Pacific.tif"
"7c8c4da1","invasive_species_sdm-7c8c4da1-Sargassum_muticum_ProjectedModel_2075-Pacific.tif"
"7c8c4da1","invasive_species_sdm-7c8c4da1-Sargassum_muticum_ProjectedStdDev-Pacific.tif"
"7c8c4da1","invasive_species_sdm-7c8c4da1-Styela_clava_ClimatologicalModel-Pacific.tif"
"7c8c4da1","invasive_species_sdm-7c8c4da1-Styela_clava_ClimatologicalStdDev-Pacific.tif"
"7c8c4da1","invasive_species_sdm-7c8c4da1-Styela_clava_ProjectedModel_2075-Pacific.tif"
"7c8c4da1","invasive_species_sdm-7c8c4da1-Styela_clava_ProjectedStdDev-Pacific.tif"
"2aafec74","dfo_survey_4vsw-2aafec74-gscat.csv"
"2aafec74","dfo_survey_4vsw-2aafec74-gsdet.csv"
"2aafec74","dfo_survey_4vsw-2aafec74-gsinf.csv"
"2aafec74","dfo_survey_4vsw-2aafec74-gsspecies.csv"
"2aafec74","dfo_survey_4vsw-2aafec74-gsmissions.csv"
"90e90110","dfo_survey_fall-90e90110-gscat.csv"
"90e90110","dfo_survey_fall-90e90110-gsdet.csv"
"90e90110","dfo_survey_fall-90e90110-gsinf.csv"
"90e90110","dfo_survey_fall-90e90110-gsspecies.csv"
"90e90110","dfo_survey_fall-90e90110-gsmissions.csv"
"21f8a758","dfo_survey_spring-21f8a758-gscat.csv"
"21f8a758","dfo_survey_spring-21f8a758-gsdet.csv"
"21f8a758","dfo_survey_spring-21f8a758-gsinf.csv"
"21f8a758","dfo_survey_spring-21f8a758-gsspecies.csv"
"21f8a758","dfo_survey_spring-21f8a758-gsmissions.csv"
"3348d162","dfo_survey_summer-3348d162-gscat.csv"
"3348d162","dfo_survey_summer-3348d162-gsdet.csv"
"3348d162","dfo_survey_summer-3348d162-gsinf.csv"
"3348d162","dfo_survey_summer-3348d162-gsspecies.csv"
"3348d162","dfo_survey_summer-3348d162-gsmissions.csv"
"ce594316","first_nations_location-ce594316.geojson"
"621e9a76","inuit_communities_location-621e9a76.geojson"
"70efb2b0","native_land_digital-70efb2b0-territories.geojson"
"e2349037","terrestrial_human_footprint_williams-e2349037-2013_meris_lc.tif"
"e2349037","terrestrial_human_footprint_williams-e2349037-coastlines.tif"
"e2349037","terrestrial_human_footprint_williams-e2349037-elvidge2013_dmsp.tif"
"e2349037","terrestrial_human_footprint_williams-e2349037-gpwv4_popden_2013.tif"
"e2349037","terrestrial_human_footprint_williams-e2349037-pastures2000_filled.tif"
"e2349037","terrestrial_human_footprint_williams-e2349037-railways.tif"
"e2349037","terrestrial_human_footprint_williams-e2349037-rivers_nav.tif"
"e2349037","terrestrial_human_footprint_williams-e2349037-roads_osm_groads_union.tif"
"e2349037","terrestrial_human_footprint_williams-e2349037-shoreline.tif"
"e2349037","terrestrial_human_footprint_williams-e2349037-hfp2000_merisINT.tif"
"e2349037","terrestrial_human_footprint_williams-e2349037-hfp2005_merisINT.tif"
"e2349037","terrestrial_human_footprint_williams-e2349037-hfp2010_merisINT.tif"
"e2349037","terrestrial_human_footprint_williams-e2349037-hfp2013_merisINT.tif"
"103a233e","terrestrial_human_footprint_venter-103a233e-Built1994.tif"
"103a233e","terrestrial_human_footprint_venter-103a233e-Built2009.tif"
"103a233e","terrestrial_human_footprint_venter-103a233e-croplands1992.tif"
"103a233e","terrestrial_human_footprint_venter-103a233e-croplands2005.tif"
"103a233e","terrestrial_human_footprint_venter-103a233e-HFP1993_int.tif"
"103a233e","terrestrial_human_footprint_venter-103a233e-HFP1993.tif"
"103a233e","terrestrial_human_footprint_venter-103a233e-HFP2009_int.tif"
"103a233e","terrestrial_human_footprint_venter-103a233e-HFP2009.tif"
"103a233e","terrestrial_human_footprint_venter-103a233e-Lights1994.tif"
"103a233e","terrestrial_human_footprint_venter-103a233e-Lights2009.tif"
"103a233e","terrestrial_human_footprint_venter-103a233e-NavWater1994.tif"
"103a233e","terrestrial_human_footprint_venter-103a233e-NavWater2009.tif"
"103a233e","terrestrial_human_footprint_venter-103a233e-Pasture1993.tif"
"103a233e","terrestrial_human_footprint_venter-103a233e-Pasture2009.tif"
"103a233e","terrestrial_human_footprint_venter-103a233e-Popdensity1990.tif"
"103a233e","terrestrial_human_footprint_venter-103a233e-Popdensity2010.tif"
"103a233e","terrestrial_human_footprint_venter-103a233e-Railways.tif"
"103a233e","terrestrial_human_footprint_venter-103a233e-Roads.tif"
"786f7481","aboriginal_lands_canada-786f7481-modified.geojson"
"786f7481","aboriginal_lands_canada-786f7481-confirmed.geojson"
"7a44eaf0","tribal_councils_location-7a44eaf0.geojson"
"3fa4aeb6","inuit_regions-3fa4aeb6.geojson"
"fdd796d7","summer_groundfish_interpolated-fdd796d7-bottomValues_1970.tif"
"fdd796d7","summer_groundfish_interpolated-fdd796d7-bottomValues_1971.tif"
"fdd796d7","summer_groundfish_interpolated-fdd796d7-bottomValues_1972.tif"
"fdd796d7","summer_groundfish_interpolated-fdd796d7-bottomValues_1973.tif"
"fdd796d7","summer_groundfish_interpolated-fdd796d7-bottomValues_1974.tif"
"fdd796d7","summer_groundfish_interpolated-fdd796d7-bottomValues_1975.tif"
"fdd796d7","summer_groundfish_interpolated-fdd796d7-bottomValues_1976.tif"
"fdd796d7","summer_groundfish_interpolated-fdd796d7-bottomValues_1977.tif"
"fdd796d7","summer_groundfish_interpolated-fdd796d7-bottomValues_1978.tif"
"fdd796d7","summer_groundfish_interpolated-fdd796d7-bottomValues_1979.tif"
"fdd796d7","summer_groundfish_interpolated-fdd796d7-bottomValues_1980.tif"
"fdd796d7","summer_groundfish_interpolated-fdd796d7-bottomValues_1981.tif"
"fdd796d7","summer_groundfish_interpolated-fdd796d7-bottomValues_1982.tif"
"fdd796d7","summer_groundfish_interpolated-fdd796d7-bottomValues_1983.tif"
"fdd796d7","summer_groundfish_interpolated-fdd796d7-bottomValues_1984.tif"
"fdd796d7","summer_groundfish_interpolated-fdd796d7-bottomValues_1985.tif"
"fdd796d7","summer_groundfish_interpolated-fdd796d7-bottomValues_1986.tif"
"fdd796d7","summer_groundfish_interpolated-fdd796d7-bottomValues_1987.tif"
"fdd796d7","summer_groundfish_interpolated-fdd796d7-bottomValues_1988.tif"
"fdd796d7","summer_groundfish_interpolated-fdd796d7-bottomValues_1989.tif"
"fdd796d7","summer_groundfish_interpolated-fdd796d7-bottomValues_1990.tif"
"fdd796d7","summer_groundfish_interpolated-fdd796d7-bottomValues_1991.tif"
"fdd796d7","summer_groundfish_interpolated-fdd796d7-bottomValues_1992.tif"
"fdd796d7","summer_groundfish_interpolated-fdd796d7-bottomValues_1993.tif"
"fdd796d7","summer_groundfish_interpolated-fdd796d7-bottomValues_1994.tif"
"fdd796d7","summer_groundfish_interpolated-fdd796d7-bottomValues_1995.tif"
"fdd796d7","summer_groundfish_interpolated-fdd796d7-bottomValues_1996.tif"
"fdd796d7","summer_groundfish_interpolated-fdd796d7-bottomValues_1997.tif"
"fdd796d7","summer_groundfish_interpolated-fdd796d7-bottomValues_1998.tif"
"fdd796d7","summer_groundfish_interpolated-fdd796d7-bottomValues_1999.tif"
"fdd796d7","summer_groundfish_interpolated-fdd796d7-bottomValues_2000.tif"
"fdd796d7","summer_groundfish_interpolated-fdd796d7-bottomValues_2001.tif"
"fdd796d7","summer_groundfish_interpolated-fdd796d7-bottomValues_2002.tif"
"fdd796d7","summer_groundfish_interpolated-fdd796d7-bottomValues_2003.tif"
"fdd796d7","summer_groundfish_interpolated-fdd796d7-bottomValues_2004.tif"
"fdd796d7","summer_groundfish_interpolated-fdd796d7-bottomValues_2005.tif"
"fdd796d7","summer_groundfish_interpolated-fdd796d7-bottomValues_2006.tif"
"fdd796d7","summer_groundfish_interpolated-fdd796d7-bottomValues_2007.tif"
"fdd796d7","summer_groundfish_interpolated-fdd796d7-bottomValues_2008.tif"
"fdd796d7","summer_groundfish_interpolated-fdd796d7-bottomValues_2009.tif"
"fdd796d7","summer_groundfish_interpolated-fdd796d7-bottomValues_2010.tif"
"fdd796d7","summer_groundfish_interpolated-fdd796d7-bottomValues_2011.tif"
"fdd796d7","summer_groundfish_interpolated-fdd796d7-bottomValues_2012.tif"
"fdd796d7","summer_groundfish_interpolated-fdd796d7-bottomValues_2013.tif"
"fdd796d7","summer_groundfish_interpolated-fdd796d7-bottomValues_2014.tif"
"fdd796d7","summer_groundfish_interpolated-fdd796d7-bottomValues_2015.tif"
"fdd796d7","summer_groundfish_interpolated-fdd796d7-bottomValues_2016.tif"
"fdd796d7","summer_groundfish_interpolated-fdd796d7-bottomValues_2017.tif"
"fdd796d7","summer_groundfish_interpolated-fdd796d7-bottomValues_2018.tif"
"fdd796d7","summer_groundfish_interpolated-fdd796d7-bottomValues_2019.tif"
"fdd796d7","summer_groundfish_interpolated-fdd796d7-standardDepths_1970.tif"
"fdd796d7","summer_groundfish_interpolated-fdd796d7-standardDepths_1971.tif"
"fdd796d7","summer_groundfish_interpolated-fdd796d7-standardDepths_1972.tif"
"fdd796d7","summer_groundfish_interpolated-fdd796d7-standardDepths_1973.tif"
"fdd796d7","summer_groundfish_interpolated-fdd796d7-standardDepths_1974.tif"
"fdd796d7","summer_groundfish_interpolated-fdd796d7-standardDepths_1975.tif"
"fdd796d7","summer_groundfish_interpolated-fdd796d7-standardDepths_1976.tif"
"fdd796d7","summer_groundfish_interpolated-fdd796d7-standardDepths_1977.tif"
"fdd796d7","summer_groundfish_interpolated-fdd796d7-standardDepths_1978.tif"
"fdd796d7","summer_groundfish_interpolated-fdd796d7-standardDepths_1979.tif"
"fdd796d7","summer_groundfish_interpolated-fdd796d7-standardDepths_1980.tif"
"fdd796d7","summer_groundfish_interpolated-fdd796d7-standardDepths_1981.tif"
"fdd796d7","summer_groundfish_interpolated-fdd796d7-standardDepths_1982.tif"
"fdd796d7","summer_groundfish_interpolated-fdd796d7-standardDepths_1983.tif"
"fdd796d7","summer_groundfish_interpolated-fdd796d7-standardDepths_1984.tif"
"fdd796d7","summer_groundfish_interpolated-fdd796d7-standardDepths_1985.tif"
"fdd796d7","summer_groundfish_interpolated-fdd796d7-standardDepths_1986.tif"
"fdd796d7","summer_groundfish_interpolated-fdd796d7-standardDepths_1987.tif"
"fdd796d7","summer_groundfish_interpolated-fdd796d7-standardDepths_1988.tif"
"fdd796d7","summer_groundfish_interpolated-fdd796d7-standardDepths_1989.tif"
"fdd796d7","summer_groundfish_interpolated-fdd796d7-standardDepths_1990.tif"
"fdd796d7","summer_groundfish_interpolated-fdd796d7-standardDepths_1991.tif"
"fdd796d7","summer_groundfish_interpolated-fdd796d7-standardDepths_1992.tif"
"fdd796d7","summer_groundfish_interpolated-fdd796d7-standardDepths_1993.tif"
"fdd796d7","summer_groundfish_interpolated-fdd796d7-standardDepths_1994.tif"
"fdd796d7","summer_groundfish_interpolated-fdd796d7-standardDepths_1995.tif"
"fdd796d7","summer_groundfish_interpolated-fdd796d7-standardDepths_1996.tif"
"fdd796d7","summer_groundfish_interpolated-fdd796d7-standardDepths_1997.tif"
"fdd796d7","summer_groundfish_interpolated-fdd796d7-standardDepths_1998.tif"
"fdd796d7","summer_groundfish_interpolated-fdd796d7-standardDepths_1999.tif"
"fdd796d7","summer_groundfish_interpolated-fdd796d7-standardDepths_2000.tif"
"fdd796d7","summer_groundfish_interpolated-fdd796d7-standardDepths_2001.tif"
"fdd796d7","summer_groundfish_interpolated-fdd796d7-standardDepths_2002.tif"
"fdd796d7","summer_groundfish_interpolated-fdd796d7-standardDepths_2003.tif"
"fdd796d7","summer_groundfish_interpolated-fdd796d7-standardDepths_2004.tif"
"fdd796d7","summer_groundfish_interpolated-fdd796d7-standardDepths_2005.tif"
"fdd796d7","summer_groundfish_interpolated-fdd796d7-standardDepths_2006.tif"
"fdd796d7","summer_groundfish_interpolated-fdd796d7-standardDepths_2007.tif"
"fdd796d7","summer_groundfish_interpolated-fdd796d7-standardDepths_2008.tif"
"fdd796d7","summer_groundfish_interpolated-fdd796d7-standardDepths_2009.tif"
"fdd796d7","summer_groundfish_interpolated-fdd796d7-standardDepths_2010.tif"
"fdd796d7","summer_groundfish_interpolated-fdd796d7-standardDepths_2011.tif"
"fdd796d7","summer_groundfish_interpolated-fdd796d7-standardDepths_2012.tif"
"fdd796d7","summer_groundfish_interpolated-fdd796d7-standardDepths_2013.tif"
"fdd796d7","summer_groundfish_interpolated-fdd796d7-standardDepths_2014.tif"
"fdd796d7","summer_groundfish_interpolated-fdd796d7-standardDepths_2015.tif"
"fdd796d7","summer_groundfish_interpolated-fdd796d7-standardDepths_2016.tif"
"fdd796d7","summer_groundfish_interpolated-fdd796d7-standardDepths_2017.tif"
"fdd796d7","summer_groundfish_interpolated-fdd796d7-standardDepths_2018.tif"
"fdd796d7","summer_groundfish_interpolated-fdd796d7-standardDepths_2019.tif"
"fdd796d7","summer_groundfish_interpolated-fdd796d7-standardDepths_2020.tif"
"e328da3a","community_wellbeing_index-e328da3a.csv"
"b39ddb9f","river_discharge_stlawrence-b39ddb9f-coordinates.geojson"
"b39ddb9f","river_discharge_stlawrence-b39ddb9f-water_discharge.csv"
"091d10ec","mercury_canadian_arctic-091d10ec.geojson"
"0bf96a89","perfluoroalkyl_substances_canadian_arctic-091d10ec.geojson"
"caa1fb75","opes_pbdes_north_atlantic-caa1fb75.geojson"
"d770f210",""
"b5433840","geolocated_placenames-b5433840.geojson"
"9d64101c","sea_surface_temperature_anomalies_dfo-9d64101c-201001.csv"
"9d64101c","sea_surface_temperature_anomalies_dfo-9d64101c-201002.csv"
"9d64101c","sea_surface_temperature_anomalies_dfo-9d64101c-201003.csv"
"9d64101c","sea_surface_temperature_anomalies_dfo-9d64101c-201004.csv"
"9d64101c","sea_surface_temperature_anomalies_dfo-9d64101c-201005.csv"
"9d64101c","sea_surface_temperature_anomalies_dfo-9d64101c-201006.csv"
"9d64101c","sea_surface_temperature_anomalies_dfo-9d64101c-201007.csv"
"9d64101c","sea_surface_temperature_anomalies_dfo-9d64101c-201008.csv"
"9d64101c","sea_surface_temperature_anomalies_dfo-9d64101c-201009.csv"
"9d64101c","sea_surface_temperature_anomalies_dfo-9d64101c-201010.csv"
"9d64101c","sea_surface_temperature_anomalies_dfo-9d64101c-201011.csv"
"9d64101c","sea_surface_temperature_anomalies_dfo-9d64101c-201012.csv"
"9d64101c","sea_surface_temperature_anomalies_dfo-9d64101c-201101.csv"
"9d64101c","sea_surface_temperature_anomalies_dfo-9d64101c-201102.csv"
"9d64101c","sea_surface_temperature_anomalies_dfo-9d64101c-201103.csv"
"9d64101c","sea_surface_temperature_anomalies_dfo-9d64101c-201104.csv"
"9d64101c","sea_surface_temperature_anomalies_dfo-9d64101c-201105.csv"
"9d64101c","sea_surface_temperature_anomalies_dfo-9d64101c-201106.csv"
"9d64101c","sea_surface_temperature_anomalies_dfo-9d64101c-201107.csv"
"9d64101c","sea_surface_temperature_anomalies_dfo-9d64101c-201108.csv"
"9d64101c","sea_surface_temperature_anomalies_dfo-9d64101c-201109.csv"
"9d64101c","sea_surface_temperature_anomalies_dfo-9d64101c-201110.csv"
"9d64101c","sea_surface_temperature_anomalies_dfo-9d64101c-201111.csv"
"9d64101c","sea_surface_temperature_anomalies_dfo-9d64101c-201112.csv"
"9d64101c","sea_surface_temperature_anomalies_dfo-9d64101c-201201.csv"
"9d64101c","sea_surface_temperature_anomalies_dfo-9d64101c-201202.csv"
"9d64101c","sea_surface_temperature_anomalies_dfo-9d64101c-201203.csv"
"9d64101c","sea_surface_temperature_anomalies_dfo-9d64101c-201204.csv"
"9d64101c","sea_surface_temperature_anomalies_dfo-9d64101c-201205.csv"
"9d64101c","sea_surface_temperature_anomalies_dfo-9d64101c-201206.csv"
"9d64101c","sea_surface_temperature_anomalies_dfo-9d64101c-201207.csv"
"9d64101c","sea_surface_temperature_anomalies_dfo-9d64101c-201208.csv"
"9d64101c","sea_surface_temperature_anomalies_dfo-9d64101c-201209.csv"
"9d64101c","sea_surface_temperature_anomalies_dfo-9d64101c-201210.csv"
"9d64101c","sea_surface_temperature_anomalies_dfo-9d64101c-201211.csv"
"9d64101c","sea_surface_temperature_anomalies_dfo-9d64101c-201212.csv"
"9d64101c","sea_surface_temperature_anomalies_dfo-9d64101c-201301.csv"
"9d64101c","sea_surface_temperature_anomalies_dfo-9d64101c-201302.csv"
"9d64101c","sea_surface_temperature_anomalies_dfo-9d64101c-201303.csv"
"9d64101c","sea_surface_temperature_anomalies_dfo-9d64101c-201304.csv"
"9d64101c","sea_surface_temperature_anomalies_dfo-9d64101c-201305.csv"
"9d64101c","sea_surface_temperature_anomalies_dfo-9d64101c-201306.csv"
"9d64101c","sea_surface_temperature_anomalies_dfo-9d64101c-201307.csv"
"9d64101c","sea_surface_temperature_anomalies_dfo-9d64101c-201308.csv"
"9d64101c","sea_surface_temperature_anomalies_dfo-9d64101c-201309.csv"
"9d64101c","sea_surface_temperature_anomalies_dfo-9d64101c-201310.csv"
"9d64101c","sea_surface_temperature_anomalies_dfo-9d64101c-201311.csv"
"9d64101c","sea_surface_temperature_anomalies_dfo-9d64101c-201312.csv"
"9d64101c","sea_surface_temperature_anomalies_dfo-9d64101c-201401.csv"
"9d64101c","sea_surface_temperature_anomalies_dfo-9d64101c-201402.csv"
"9d64101c","sea_surface_temperature_anomalies_dfo-9d64101c-201403.csv"
"9d64101c","sea_surface_temperature_anomalies_dfo-9d64101c-201404.csv"
"9d64101c","sea_surface_temperature_anomalies_dfo-9d64101c-201405.csv"
"9d64101c","sea_surface_temperature_anomalies_dfo-9d64101c-201406.csv"
"9d64101c","sea_surface_temperature_anomalies_dfo-9d64101c-201407.csv"
"9d64101c","sea_surface_temperature_anomalies_dfo-9d64101c-201408.csv"
"9d64101c","sea_surface_temperature_anomalies_dfo-9d64101c-201409.csv"
"9d64101c","sea_surface_temperature_anomalies_dfo-9d64101c-201410.csv"
"9d64101c","sea_surface_temperature_anomalies_dfo-9d64101c-201411.csv"
"9d64101c","sea_surface_temperature_anomalies_dfo-9d64101c-201412.csv"
"9d64101c","sea_surface_temperature_anomalies_dfo-9d64101c-201501.csv"
"9d64101c","sea_surface_temperature_anomalies_dfo-9d64101c-201502.csv"
"9d64101c","sea_surface_temperature_anomalies_dfo-9d64101c-201503.csv"
"9d64101c","sea_surface_temperature_anomalies_dfo-9d64101c-201504.csv"
"9d64101c","sea_surface_temperature_anomalies_dfo-9d64101c-201505.csv"
"9d64101c","sea_surface_temperature_anomalies_dfo-9d64101c-201506.csv"
"9d64101c","sea_surface_temperature_anomalies_dfo-9d64101c-201507.csv"
"9d64101c","sea_surface_temperature_anomalies_dfo-9d64101c-201508.csv"
"9d64101c","sea_surface_temperature_anomalies_dfo-9d64101c-201509.csv"
"9d64101c","sea_surface_temperature_anomalies_dfo-9d64101c-201510.csv"
"9d64101c","sea_surface_temperature_anomalies_dfo-9d64101c-201511.csv"
"9d64101c","sea_surface_temperature_anomalies_dfo-9d64101c-201512.csv"
"9d64101c","sea_surface_temperature_anomalies_dfo-9d64101c-201601.csv"
"9d64101c","sea_surface_temperature_anomalies_dfo-9d64101c-201602.csv"
"9d64101c","sea_surface_temperature_anomalies_dfo-9d64101c-201603.csv"
"9d64101c","sea_surface_temperature_anomalies_dfo-9d64101c-201604.csv"
"9d64101c","sea_surface_temperature_anomalies_dfo-9d64101c-201605.csv"
"9d64101c","sea_surface_temperature_anomalies_dfo-9d64101c-201606.csv"
"9d64101c","sea_surface_temperature_anomalies_dfo-9d64101c-201607.csv"
"9d64101c","sea_surface_temperature_anomalies_dfo-9d64101c-201608.csv"
"9d64101c","sea_surface_temperature_anomalies_dfo-9d64101c-201609.csv"
"9d64101c","sea_surface_temperature_anomalies_dfo-9d64101c-201610.csv"
"9d64101c","sea_surface_temperature_anomalies_dfo-9d64101c-201611.csv"
"9d64101c","sea_surface_temperature_anomalies_dfo-9d64101c-201612.csv"
"9d64101c","sea_surface_temperature_anomalies_dfo-9d64101c-201701.csv"
"9d64101c","sea_surface_temperature_anomalies_dfo-9d64101c-201702.csv"
"9d64101c","sea_surface_temperature_anomalies_dfo-9d64101c-201703.csv"
"9d64101c","sea_surface_temperature_anomalies_dfo-9d64101c-201704.csv"
"9d64101c","sea_surface_temperature_anomalies_dfo-9d64101c-201705.csv"
"9d64101c","sea_surface_temperature_anomalies_dfo-9d64101c-201706.csv"
"9d64101c","sea_surface_temperature_anomalies_dfo-9d64101c-201707.csv"
"9d64101c","sea_surface_temperature_anomalies_dfo-9d64101c-201708.csv"
"9d64101c","sea_surface_temperature_anomalies_dfo-9d64101c-201709.csv"
"9d64101c","sea_surface_temperature_anomalies_dfo-9d64101c-201710.csv"
"9d64101c","sea_surface_temperature_anomalies_dfo-9d64101c-201711.csv"
"9d64101c","sea_surface_temperature_anomalies_dfo-9d64101c-201712.csv"
"9d64101c","sea_surface_temperature_anomalies_dfo-9d64101c-201801.csv"
"9d64101c","sea_surface_temperature_anomalies_dfo-9d64101c-201802.csv"
"9d64101c","sea_surface_temperature_anomalies_dfo-9d64101c-201803.csv"
"9d64101c","sea_surface_temperature_anomalies_dfo-9d64101c-201804.csv"
"9d64101c","sea_surface_temperature_anomalies_dfo-9d64101c-201805.csv"
"9d64101c","sea_surface_temperature_anomalies_dfo-9d64101c-201806.csv"
"9d64101c","sea_surface_temperature_anomalies_dfo-9d64101c-201807.csv"
"9d64101c","sea_surface_temperature_anomalies_dfo-9d64101c-201808.csv"
"9d64101c","sea_surface_temperature_anomalies_dfo-9d64101c-201809.csv"
"9d64101c","sea_surface_temperature_anomalies_dfo-9d64101c-201810.csv"
"9d64101c","sea_surface_temperature_anomalies_dfo-9d64101c-201811.csv"
"9d64101c","sea_surface_temperature_anomalies_dfo-9d64101c-201812.csv"
"9d64101c","sea_surface_temperature_anomalies_dfo-9d64101c-201901.csv"
"9d64101c","sea_surface_temperature_anomalies_dfo-9d64101c-201902.csv"
"9d64101c","sea_surface_temperature_anomalies_dfo-9d64101c-201903.csv"
"9d64101c","sea_surface_temperature_anomalies_dfo-9d64101c-201904.csv"
"9d64101c","sea_surface_temperature_anomalies_dfo-9d64101c-201905.csv"
"9d64101c","sea_surface_temperature_anomalies_dfo-9d64101c-201906.csv"
"9d64101c","sea_surface_temperature_anomalies_dfo-9d64101c-201907.csv"
"9d64101c","sea_surface_temperature_anomalies_dfo-9d64101c-201908.csv"
"9d64101c","sea_surface_temperature_anomalies_dfo-9d64101c-201909.csv"
"9d64101c","sea_surface_temperature_anomalies_dfo-9d64101c-201910.csv"
"9d64101c","sea_surface_temperature_anomalies_dfo-9d64101c-201911.csv"
"9d64101c","sea_surface_temperature_anomalies_dfo-9d64101c-201912.csv"
"9d64101c","sea_surface_temperature_anomalies_dfo-9d64101c-202001.csv"
"9d64101c","sea_surface_temperature_anomalies_dfo-9d64101c-202002.csv"
"9d64101c","sea_surface_temperature_anomalies_dfo-9d64101c-202003.csv"
"9d64101c","sea_surface_temperature_anomalies_dfo-9d64101c-202004.csv"
"9d64101c","sea_surface_temperature_anomalies_dfo-9d64101c-202005.csv"
"9d64101c","sea_surface_temperature_anomalies_dfo-9d64101c-202006.csv"
"9d64101c","sea_surface_temperature_anomalies_dfo-9d64101c-202007.csv"
"9d64101c","sea_surface_temperature_anomalies_dfo-9d64101c-202008.csv"
"9d64101c","sea_surface_temperature_anomalies_dfo-9d64101c-202009.csv"
"9d64101c","sea_surface_temperature_anomalies_dfo-9d64101c-202010.csv"
"9d64101c","sea_surface_temperature_anomalies_dfo-9d64101c-202011.csv"
"9d64101c","sea_surface_temperature_anomalies_dfo-9d64101c-202012.csv"
"9d64101c","sea_surface_temperature_anomalies_dfo-9d64101c-202101.csv"
"9d64101c","sea_surface_temperature_anomalies_dfo-9d64101c-202102.csv"
"9d64101c","sea_surface_temperature_anomalies_dfo-9d64101c-202103.csv"
"9d64101c","sea_surface_temperature_anomalies_dfo-9d64101c-202104.csv"
"9d64101c","sea_surface_temperature_anomalies_dfo-9d64101c-202105.csv"
"9d64101c","sea_surface_temperature_anomalies_dfo-9d64101c-202106.csv"
"9d64101c","sea_surface_temperature_anomalies_dfo-9d64101c-202107.csv"
"9d64101c","sea_surface_temperature_anomalies_dfo-9d64101c-202108.csv"
"9d64101c","sea_surface_temperature_anomalies_dfo-9d64101c-202109.csv"
"9d64101c","sea_surface_temperature_anomalies_dfo-9d64101c-202110.csv"
"9d64101c","sea_surface_temperature_anomalies_dfo-9d64101c-202111.csv"
"9d64101c","sea_surface_temperature_anomalies_dfo-9d64101c-202112.csv"
"9d64101c","sea_surface_temperature_anomalies_dfo-9d64101c-202201.csv"
"9d64101c","sea_surface_temperature_anomalies_dfo-9d64101c-202202.csv"
"9d64101c","sea_surface_temperature_anomalies_dfo-9d64101c-202203.csv"
"9d64101c","sea_surface_temperature_anomalies_dfo-9d64101c-202204.csv"
"9d64101c","sea_surface_temperature_anomalies_dfo-9d64101c-202205.csv"
"9d64101c","sea_surface_temperature_anomalies_dfo-9d64101c-202206.csv"
"9d64101c","sea_surface_temperature_anomalies_dfo-9d64101c-202207.csv"
"9d64101c","sea_surface_temperature_anomalies_dfo-9d64101c-202208.csv"
"9d64101c","sea_surface_temperature_anomalies_dfo-9d64101c-202209.csv"
"9d64101c","sea_surface_temperature_anomalies_dfo-9d64101c-202210.csv"
"9d64101c","sea_surface_temperature_anomalies_dfo-9d64101c-202211.csv"
"9d64101c","sea_surface_temperature_anomalies_dfo-9d64101c-202212.csv"
"004b3c51","canadian_eez-004b3c51.geojson"
"a56e753b","covid_timeline_canada-a56e753b-pt.csv"
"a56e753b","covid_timeline_canada-a56e753b-health_regions.csv"
"a56e753b","covid_timeline_canada-a56e753b-health_regions_wgs84.geojson"
"a56e753b","covid_timeline_canada-a56e753b-pt_wgs84.geojson"
"a56e753b","covid_timeline_canada-a56e753b-CovidTimelineCanada_can.csv"
"a56e753b","covid_timeline_canada-a56e753b-CovidTimelineCanada_pt.csv"
"a56e753b","covid_timeline_canada-a56e753b-CovidTimelineCanada_hr.csv"
"d8094d1b","species_interactions_catalog-d8094d1b.csv"
"8b0bbc44","open_database_healthcare_facilities-8b0bbc44.csv"
"8b0bbc44","open_database_healthcare_facilities-8b0bbc44.geojson"
